loan_id,no_of_dependents,education,self_employed,income_annum,loan_amount,loan_term,cibil_score,residential_assets_value,commercial_assets_value,luxury_assets_value,bank_asset_value,loan_status
LP0001,0,Graduate,No,6108603,2372427,180,877,7177968,1359791,2487433,382323,Approved
LP0002,3,Graduate,Yes,3571945,2334068,180,852,5239227,722599,2554032,616992,Approved
LP0003,3,Graduate,No,11886237,2833632,120,882,7365337,1839319,1972573,913557,Approved
LP0004,1,Graduate,No,3714803,1278008,300,692,1811315,3511337,1642654,1466105,Rejected
LP0005,3,Graduate,No,3322047,2959357,360,572,4033614,2113033,491735,296100,Approved
LP0006,0,Graduate,Yes,8377459,2831811,300,698,6332507,3560434,882220,976325,Rejected
LP0007,2,Graduate,Yes,10961380,2553622,180,657,4877719,3683102,1332243,1542176,Approved
LP0008,2,Graduate,Yes,2538552,3146211,300,900,3245973,1055230,1084926,1389462,Approved
LP0009,1,Not Graduate,No,12785264,4349128,180,711,3221975,1671304,1234430,1762355,Approved
LP0010,2,Not Graduate,No,8073292,2339795,180,837,5274216,4639910,581301,1784990,Approved
LP0011,0,Graduate,Yes,13416580,4041334,360,574,1532909,3727662,1800627,1449668,Rejected
LP0012,2,Graduate,Yes,13437202,2738291,240,820,1935767,2962057,2023537,531680,Approved
LP0013,0,Not Graduate,Yes,10517485,1392638,240,782,6359896,4758584,2754206,617146,Approved
LP0014,2,Graduate,Yes,12048622,3219218,300,628,1163382,1438414,1722451,1944129,Rejected
LP0015,0,Graduate,Yes,3437026,4576783,120,672,7380393,4968663,727477,469256,Rejected
LP0016,1,Not Graduate,No,5553384,2187377,240,831,4346989,3632478,2037524,1285435,Approved
LP0017,0,Graduate,Yes,3074176,3336067,120,781,5935091,2430342,2668096,661829,Approved
LP0018,0,Graduate,Yes,3130789,763510,240,553,1594394,4813054,1198263,784009,Rejected
LP0019,1,Not Graduate,Yes,9935169,3914666,180,659,1791262,1313114,2963973,1103979,Rejected
LP0020,3,Not Graduate,Yes,13297182,1325588,120,766,4377432,3346276,658307,721470,Approved
LP0021,1,Not Graduate,Yes,9077999,2039209,240,648,4880805,2595528,516187,1129312,Approved
LP0022,0,Graduate,Yes,4790237,3909248,300,575,5037927,2293042,1882084,322967,Approved
LP0023,0,Not Graduate,No,9633773,2892843,300,744,6843433,4582495,849264,598244,Approved
LP0024,1,Graduate,Yes,14548947,3130707,120,701,1420624,4499591,2309107,1988283,Approved
LP0025,1,Graduate,Yes,5117625,1074798,360,821,1570097,2473033,1893557,451420,Approved
LP0026,1,Graduate,Yes,9033426,4885419,240,841,3187461,2213450,1517782,700560,Approved
LP0027,3,Graduate,No,9670955,3152286,120,685,1078143,4344377,2805330,1380683,Approved
LP0028,1,Not Graduate,Yes,7855396,1077063,180,587,4099817,2890647,861638,1118939,Rejected
LP0029,0,Not Graduate,Yes,4253031,2718500,120,863,1897882,1803991,1342311,790885,Approved
LP0030,1,Not Graduate,Yes,13534287,2714457,360,859,5098102,2606557,413066,393563,Approved
LP0031,3,Not Graduate,Yes,2059486,3298075,180,874,6344494,2697440,877723,1754473,Approved
LP0032,3,Graduate,Yes,3262382,1750357,360,776,1302225,3597208,2643222,1358729,Approved
LP0033,3,Graduate,Yes,7171716,3558918,120,625,4001521,2262249,1246603,1598660,Approved
LP0034,3,Graduate,Yes,4726327,1985222,300,731,1207923,2004586,1593286,1840783,Approved
LP0035,1,Not Graduate,Yes,13765495,1406771,300,760,1324845,4448434,1132954,618534,Approved
LP0036,2,Not Graduate,Yes,5740036,698511,180,785,4342574,3253660,1368545,345585,Approved
LP0037,2,Not Graduate,No,2463060,1467556,240,692,2497935,2726893,360462,427336,Rejected
LP0038,2,Not Graduate,Yes,8462506,2094496,240,726,1372341,4157915,207093,1290351,Approved
LP0039,1,Not Graduate,No,3173965,3269918,360,825,3633315,1545432,1459642,1263512,Approved
LP0040,3,Not Graduate,No,13697216,2980135,360,708,2067767,2109271,1963479,1594458,Approved
LP0041,1,Not Graduate,No,11192860,503405,240,744,3406806,2263140,2003081,1847855,Approved
LP0042,2,Not Graduate,No,9418210,2292657,360,846,4969373,1923474,2963420,377829,Approved
LP0043,2,Graduate,Yes,13287638,3103987,180,695,7765939,2170422,818047,251223,Approved
LP0044,3,Graduate,No,8953166,2131040,300,675,5147136,3852531,1223344,509479,Approved
LP0045,3,Graduate,Yes,13675462,4844944,300,604,1421262,2590426,709014,1157269,Approved
LP0046,2,Not Graduate,No,11191766,4240594,180,787,7238233,4481857,2087729,743564,Approved
LP0047,2,Not Graduate,Yes,6606980,4189918,120,676,6985648,2896861,1183537,769827,Rejected
LP0048,0,Graduate,Yes,5879923,3713132,180,713,6925873,2294766,469395,1070041,Approved
LP0049,2,Not Graduate,No,3044645,2235052,300,758,4267168,663845,2614620,997716,Approved
LP0050,0,Not Graduate,No,14641214,3771445,300,794,5514921,2350012,2247782,660160,Approved
LP0051,3,Not Graduate,Yes,8523941,3319658,300,689,7074873,1884495,2160376,467654,Approved
LP0052,0,Graduate,No,4276659,4373007,180,751,1421818,2682349,1790076,886508,Approved
LP0053,3,Not Graduate,No,14771315,3680341,240,658,7308315,4036342,1258103,1950935,Approved
LP0054,0,Graduate,No,5761823,1075612,120,790,7326966,760298,1237181,618089,Approved
LP0055,1,Graduate,Yes,9945036,1459568,360,560,2828419,4400987,1274763,1808301,Rejected
LP0056,0,Graduate,No,3813596,715406,240,635,5830133,3648302,1863689,1699494,Approved
LP0057,1,Graduate,No,13479961,1515483,360,588,7565221,844512,1656278,1317247,Rejected
LP0058,2,Graduate,No,2212267,4023708,300,888,1885324,4136657,1719126,1532918,Approved
LP0059,1,Not Graduate,Yes,14311042,4876728,240,785,6166647,4555871,2149821,1113465,Approved
LP0060,2,Not Graduate,Yes,3453962,2839819,300,853,3045674,4398257,2590122,1479958,Approved
LP0061,3,Not Graduate,Yes,10293086,3226416,180,892,5089865,2279390,1688243,1873175,Approved
LP0062,2,Not Graduate,No,11324626,585153,360,682,2602697,1218173,1212320,1710106,Rejected
LP0063,1,Not Graduate,No,9519121,644646,120,800,3468226,2358885,1896181,1650782,Approved
LP0064,2,Not Graduate,No,11285735,4953695,240,674,4569384,3274878,1675600,1673993,Rejected
LP0065,2,Not Graduate,Yes,4024269,2115514,240,688,2002897,4995152,976574,601690,Approved
LP0066,2,Not Graduate,Yes,5256752,2985095,180,797,4027289,2005264,1467802,229671,Approved
LP0067,1,Not Graduate,Yes,2914794,2950619,180,823,6350838,4617788,630283,225722,Approved
LP0068,2,Not Graduate,No,9389840,3358048,180,843,1430979,2617942,2203741,439258,Approved
LP0069,3,Not Graduate,Yes,11680808,949705,180,583,2251560,3048757,557274,720494,Approved
LP0070,3,Graduate,No,9558378,4213812,240,835,5936906,4097285,1480857,1392502,Approved
LP0071,0,Graduate,Yes,12494400,2270207,240,867,6540072,1181049,858745,703033,Approved
LP0072,0,Graduate,Yes,8853787,4279098,360,638,4941911,2943260,336901,685440,Rejected
LP0073,3,Graduate,Yes,6438490,2159427,300,694,1962813,2385838,2916376,512453,Rejected
LP0074,0,Graduate,Yes,7160869,2921041,300,622,2043154,4431723,1475450,1667447,Rejected
LP0075,3,Not Graduate,Yes,12033390,834376,300,689,7161717,3203829,2732158,725059,Approved
LP0076,1,Graduate,No,11667820,837487,180,596,4946846,4853384,2932628,1127422,Rejected
LP0077,3,Not Graduate,Yes,9885465,3418908,300,642,3795993,3193231,638723,1998796,Approved
LP0078,3,Not Graduate,No,13116307,3859236,360,718,1307837,4315356,569349,859590,Approved
LP0079,2,Graduate,No,10633492,509655,360,679,4875338,3966571,427348,593389,Rejected
LP0080,3,Not Graduate,Yes,5415140,2740230,360,868,2099018,2916163,2037592,1664336,Approved
LP0081,0,Graduate,Yes,13908179,1828572,240,798,5620772,614709,2516310,1055618,Approved
LP0082,1,Graduate,No,3970754,1791603,300,597,7011304,2948312,2334363,1679355,Rejected
LP0083,3,Not Graduate,Yes,9663605,1713344,300,762,2598955,4763433,772557,346402,Approved
LP0084,3,Not Graduate,No,2043037,2872625,240,691,5923590,4607400,823254,1136477,Rejected
LP0085,2,Not Graduate,No,7398528,2082530,180,726,5796586,3712592,1179631,1995189,Approved
LP0086,0,Not Graduate,No,13831760,3697998,300,760,6567425,1775951,2277558,277635,Approved
LP0087,2,Graduate,No,3672884,4911997,300,614,1128744,1709263,1919574,1573175,Approved
LP0088,3,Not Graduate,No,12456557,3834331,120,588,3756207,4976348,1793874,864086,Rejected
LP0089,0,Graduate,Yes,12589124,2910709,180,827,7264330,1258156,2020208,406450,Approved
LP0090,0,Not Graduate,Yes,13643407,3012103,120,874,1385800,3221051,435381,815236,Approved
LP0091,2,Not Graduate,Yes,6096953,4955746,300,733,5747348,2010426,912963,567147,Approved
LP0092,3,Graduate,No,11783753,1700558,180,590,4868405,2630516,2127578,735458,Approved
LP0093,2,Graduate,Yes,9410995,3398814,360,788,3509487,4059361,1248987,1158054,Approved
LP0094,1,Not Graduate,No,3789344,2489825,300,704,5797635,3511167,2610935,820489,Approved
LP0095,0,Not Graduate,No,2135861,911412,360,701,7250957,4666850,1400385,1826846,Approved
LP0096,2,Graduate,Yes,12416825,2602409,180,667,6270127,1315070,2831750,1555474,Approved
LP0097,3,Graduate,No,14286958,1602362,120,708,3475565,3240718,1942746,568343,Approved
LP0098,1,Not Graduate,No,4760597,2655621,300,652,7765315,2975825,1620674,1886597,Approved
LP0099,0,Graduate,Yes,13346829,3833729,360,789,4068343,1257515,1854965,229189,Approved
LP0100,0,Not Graduate,No,13288187,2699169,360,685,4196273,3616146,654436,1615234,Approved
LP0101,0,Not Graduate,Yes,12865803,1030302,300,791,6881061,3034954,2923107,1056258,Approved
LP0102,1,Graduate,Yes,7106390,4632434,120,609,1815305,2469645,2454633,484508,Rejected
LP0103,2,Not Graduate,Yes,8960607,1330653,300,782,6164465,3923524,1373315,268611,Approved
LP0104,1,Not Graduate,No,5961312,3542431,120,739,6751902,3581428,2483655,1552299,Approved
LP0105,0,Not Graduate,No,5184459,1524749,300,733,1769012,2279272,2891503,1541113,Approved
LP0106,0,Graduate,No,6086407,1556326,360,855,2721389,1075543,2524515,634440,Approved
LP0107,1,Graduate,No,14991748,1737774,360,850,1023786,2825949,806865,472613,Approved
LP0108,2,Graduate,Yes,13090706,716259,180,826,1124657,3505154,1197957,1434914,Approved
LP0109,0,Graduate,No,2879109,1563327,300,715,5413125,1453359,466581,1198760,Approved
LP0110,2,Graduate,No,10453010,2358494,360,779,1363772,4874249,1465129,1160584,Approved
LP0111,0,Graduate,No,8738019,4075842,120,879,5112673,4220870,508242,369429,Approved
LP0112,1,Graduate,Yes,6614002,3227853,300,714,6011286,4950633,1436890,1151510,Approved
LP0113,3,Graduate,Yes,12984260,2303744,300,808,4787917,2416743,1935659,910791,Approved
LP0114,3,Not Graduate,Yes,7243691,4079955,240,782,6579329,2638170,1769932,520107,Approved
LP0115,0,Graduate,Yes,3564141,4122842,120,792,7246064,3625988,745743,1366794,Approved
LP0116,2,Graduate,No,7932391,4047851,120,580,3412810,3121011,1674911,417266,Approved
LP0117,3,Graduate,Yes,7873938,3583325,120,629,7397199,2836799,2607949,674289,Rejected
LP0118,0,Not Graduate,Yes,5026879,2792358,240,837,3850655,3444597,225609,580435,Approved
LP0119,3,Graduate,Yes,14431397,757170,120,623,7258839,4950011,1102332,988936,Rejected
LP0120,2,Graduate,No,7228407,3221120,360,782,6001487,1212671,420657,526274,Approved
LP0121,0,Graduate,No,9434202,4056893,300,630,6092522,4208135,1937212,772872,Approved
LP0122,0,Not Graduate,No,3860421,2876043,360,812,5082171,4920243,2998156,846802,Approved
LP0123,1,Not Graduate,Yes,2128967,2214825,240,573,2771959,1651208,1271726,807014,Rejected
LP0124,0,Not Graduate,No,4947669,1583688,300,611,5467624,2430308,2298252,1371728,Rejected
LP0125,3,Graduate,No,2314430,4356698,120,586,3626142,4101097,2605012,1048136,Rejected
LP0126,0,Not Graduate,Yes,7448705,1941776,360,698,4859572,3535440,569643,1115850,Approved
LP0127,3,Not Graduate,Yes,8639863,3102771,240,674,2858681,3293982,905199,360179,Approved
LP0128,1,Not Graduate,No,14203396,1738912,180,821,1862386,1728463,1273608,613708,Approved
LP0129,1,Graduate,Yes,14966239,4644954,300,638,7328750,4265690,2567650,1548451,Rejected
LP0130,2,Graduate,No,3145653,4433595,300,871,6296442,3040241,1352064,1440297,Approved
LP0131,2,Graduate,No,9746753,4290928,120,578,1477228,3593195,1404088,360916,Approved
LP0132,3,Not Graduate,Yes,9545279,2079067,240,864,6075156,4489865,2302886,516378,Approved
LP0133,3,Graduate,No,13984226,1207404,360,581,6420106,1947529,364173,719556,Rejected
LP0134,1,Not Graduate,No,6746166,3749885,300,774,7496681,3338429,2707715,309818,Approved
LP0135,2,Graduate,No,3585546,3742735,240,873,3113893,1761422,1598221,370922,Approved
LP0136,1,Not Graduate,No,13006771,3787981,180,848,5991567,1210674,1498480,1372144,Approved
LP0137,2,Graduate,Yes,12838497,4051790,360,742,4035234,652928,1720844,847739,Approved
LP0138,1,Not Graduate,No,5221313,2400380,180,642,2299774,1147307,1440641,1970894,Approved
LP0139,0,Not Graduate,Yes,12020132,3660155,180,809,2361028,2017045,2820351,1896687,Approved
LP0140,3,Graduate,No,8111929,2492547,300,634,6122045,2890148,2082940,690739,Approved
LP0141,3,Graduate,No,13380100,4195998,300,708,7454518,2863672,1801689,1254671,Approved
LP0142,3,Graduate,Yes,12144569,1660971,240,820,1437715,4531486,1756976,1362956,Approved
LP0143,0,Not Graduate,Yes,14802975,1844797,240,602,4769162,4806314,818025,1942831,Rejected
LP0144,1,Not Graduate,No,2447451,3980407,120,596,4325696,4711140,1768508,694462,Rejected
LP0145,2,Graduate,Yes,7346644,1331169,240,591,7638581,1725150,777134,280327,Rejected
LP0146,1,Not Graduate,No,12323830,544050,120,791,1159416,2646845,1104521,1951044,Approved
LP0147,3,Graduate,No,5986941,3026239,120,626,1400551,2500175,1960875,1539978,Rejected
LP0148,0,Not Graduate,Yes,12602444,4823284,360,582,3029524,1704409,1421683,1100179,Approved
LP0149,2,Graduate,No,5142605,1218181,360,864,4024963,1067735,2406453,1341022,Approved
LP0150,0,Not Graduate,No,2730386,3745395,240,809,3127772,636249,1697760,1853646,Approved
LP0151,2,Graduate,Yes,14943645,3289368,180,584,1371914,3455298,2490147,909985,Approved
LP0152,3,Not Graduate,Yes,4262450,1029325,300,900,1310242,2961574,1045533,291868,Approved
LP0153,0,Not Graduate,No,10646701,3840545,360,652,4971165,2624949,353598,1779765,Approved
LP0154,2,Graduate,No,6583814,1544172,240,696,4665413,3855625,2044389,1010852,Rejected
LP0155,3,Not Graduate,No,10712003,2737415,120,645,7099200,4060961,531043,1103048,Approved
LP0156,2,Not Graduate,Yes,3343333,3250791,240,829,3571073,4240612,2727578,1705048,Approved
LP0157,1,Not Graduate,No,9501590,855300,240,768,6157748,4148545,1351568,1541064,Approved
LP0158,0,Not Graduate,No,10608154,1842065,120,579,2197720,4175660,345957,464723,Approved
LP0159,2,Not Graduate,No,11516785,771667,360,670,2287132,4274224,1755937,980168,Rejected
LP0160,1,Not Graduate,No,7274512,2837819,180,589,1951675,717376,980342,1246571,Rejected
LP0161,0,Not Graduate,No,13811794,4243610,180,837,6132797,2895592,2260242,619804,Approved
LP0162,1,Graduate,No,4896693,4233863,120,612,7799077,3180896,1657207,1688014,Approved
LP0163,2,Not Graduate,Yes,13942175,1960381,240,831,5267752,2381075,709031,621486,Approved
LP0164,1,Not Graduate,Yes,8054838,3594651,300,621,7741603,1588599,2766697,380806,Approved
LP0165,3,Not Graduate,No,14904439,3934577,360,708,1618665,1551317,1529710,1547081,Approved
LP0166,3,Not Graduate,No,4153097,2026417,180,587,4629065,4718327,432418,1943552,Approved
LP0167,1,Not Graduate,Yes,4717354,3206674,180,815,3902651,4852830,1391384,1974051,Approved
LP0168,2,Graduate,No,4100009,3040276,360,590,5475138,1283734,2307944,1544248,Approved
LP0169,1,Graduate,No,11455941,845562,120,853,1681346,881361,2890451,1816951,Approved
LP0170,2,Graduate,No,12370138,754056,300,845,6261033,2929941,2892354,833537,Approved
LP0171,1,Not Graduate,No,9609207,1112142,120,797,2326074,4187678,1943243,1215548,Approved
LP0172,1,Not Graduate,Yes,7244264,3178620,240,787,4344677,1596945,1754158,1279991,Approved
LP0173,0,Not Graduate,Yes,9826111,1527788,240,837,4771484,2579694,790883,403028,Approved
LP0174,2,Not Graduate,No,6165284,1839657,240,575,5845990,3123242,996221,1800381,Approved
LP0175,3,Not Graduate,No,10344488,694416,120,805,4298754,4739975,2117764,704844,Approved
LP0176,2,Graduate,Yes,6720376,4651473,360,660,6488330,4447568,1398515,1325522,Approved
LP0177,3,Graduate,No,14205559,3568365,300,605,4069705,879520,1880161,307285,Approved
LP0178,2,Graduate,No,10460003,4277846,360,735,3346467,1496659,739653,402755,Approved
LP0179,2,Not Graduate,No,14666213,1710202,180,751,6053825,4770829,1883539,1248739,Approved
LP0180,0,Graduate,Yes,13972084,3293747,300,570,5356478,4333497,824702,1471420,Approved
LP0181,2,Graduate,No,12343161,3010159,360,717,3821705,4755666,2337895,1316397,Approved
LP0182,2,Not Graduate,Yes,8180018,3278639,120,800,4494193,3080988,2839309,255883,Approved
LP0183,3,Not Graduate,Yes,14103085,930798,360,855,5030296,1930358,2398789,1519161,Approved
LP0184,3,Graduate,Yes,2529665,1421870,180,867,1158858,4199699,1515721,1078245,Approved
LP0185,3,Graduate,No,10419134,4456113,120,627,6920471,1658319,2375515,634827,Rejected
LP0186,3,Not Graduate,No,4905518,4355937,360,889,3871647,3471974,2898233,1885381,Approved
LP0187,3,Graduate,Yes,6680950,3003992,180,685,3496571,2924342,1069386,1647538,Rejected
LP0188,3,Not Graduate,No,6828304,1522354,360,712,6675918,3685105,1854789,1916261,Approved
LP0189,1,Not Graduate,Yes,6825636,1162946,240,726,4710919,2651207,2209404,648762,Approved
LP0190,2,Not Graduate,Yes,3832517,2507243,180,653,1425851,4954698,1146535,1537866,Approved
LP0191,0,Not Graduate,No,14035271,4462811,120,576,6714252,1653157,221732,1354172,Approved
LP0192,3,Not Graduate,Yes,14682083,2909586,240,758,3394237,996291,575225,1567969,Approved
LP0193,1,Graduate,Yes,9010946,1974622,120,843,4330231,4655581,981447,1770773,Approved
LP0194,0,Graduate,No,11528818,1400103,240,698,3387076,4311356,2889859,1339383,Rejected
LP0195,3,Not Graduate,Yes,3889899,3273979,180,618,7133072,4349653,2919105,739523,Approved
LP0196,2,Not Graduate,Yes,4944316,3901499,300,557,5322487,3250848,563804,1040608,Approved
LP0197,1,Not Graduate,No,6161539,557295,240,644,4217655,2475695,2073744,1780742,Rejected
LP0198,2,Graduate,No,12966987,3516141,180,718,1521136,1491741,2152008,843419,Approved
LP0199,3,Not Graduate,Yes,12715797,2974954,240,631,6155851,2352617,1119091,480114,Rejected
LP0200,3,Not Graduate,No,13776611,4449592,360,628,7727621,2332169,1237945,1626780,Approved
LP0201,3,Not Graduate,Yes,11465180,1441275,120,819,7952260,4740332,1047906,1401042,Approved
LP0202,1,Graduate,No,10729882,4206427,120,824,6706730,2223032,2645898,1225146,Approved
LP0203,3,Graduate,No,4213658,4805434,300,596,4831903,984331,2543765,1169677,Rejected
LP0204,3,Not Graduate,Yes,14512522,2327888,360,561,1612616,879918,1977115,922529,Approved
LP0205,0,Graduate,No,2532422,2908291,300,827,2509792,1636059,2890750,1729430,Approved
LP0206,3,Not Graduate,No,9525204,3666668,300,880,1673185,1615599,2941120,929326,Approved
LP0207,1,Not Graduate,Yes,14211433,2368060,120,610,7343292,690717,1451425,1170989,Rejected
LP0208,3,Graduate,Yes,9728009,3403798,180,822,3312317,2081088,673304,267564,Approved
LP0209,3,Graduate,Yes,5457475,1064477,120,888,5982364,781658,2072509,1453645,Approved
LP0210,0,Graduate,Yes,8748892,4182286,180,894,5527833,2322586,436743,493885,Approved
LP0211,2,Graduate,No,11688419,3189933,180,807,3531383,1701755,2969131,1293142,Approved
LP0212,3,Not Graduate,No,3022699,1969123,300,663,5662813,4657568,396646,922290,Rejected
LP0213,2,Not Graduate,No,4503456,3015647,300,818,2542488,4472163,1210693,1981197,Approved
LP0214,2,Graduate,No,2966769,3961789,300,665,5674860,4945893,762425,1014573,Approved
LP0215,1,Not Graduate,Yes,9546170,3612823,120,680,5493236,2097875,416160,763004,Rejected
LP0216,0,Graduate,Yes,14779145,2320466,300,894,2752288,3293107,1471662,232157,Approved
LP0217,1,Graduate,No,6070038,2215580,300,658,3007653,3197902,1387236,998305,Rejected
LP0218,2,Not Graduate,No,8033835,4801816,300,823,4909125,1327185,2169185,1797251,Approved
LP0219,1,Not Graduate,No,8944595,883488,360,713,2856181,1724088,268031,746882,Approved
LP0220,3,Not Graduate,Yes,5291551,3267110,180,833,4186326,2561332,2294222,1354781,Approved
LP0221,2,Not Graduate,No,14139287,4615414,300,885,2411246,3454267,909951,493514,Approved
LP0222,3,Graduate,Yes,10790328,783734,120,829,7861847,906968,226775,1064849,Approved
LP0223,1,Graduate,Yes,2153368,2334753,360,620,4825286,3630634,453546,1495694,Rejected
LP0224,3,Graduate,Yes,10929043,3950557,120,887,1140309,4941077,1352346,1323524,Approved
LP0225,0,Not Graduate,Yes,3795437,1307939,360,696,2249042,2521393,1005021,1499774,Rejected
LP0226,2,Not Graduate,Yes,8258766,3906004,300,731,5739581,2540175,1147313,829092,Approved
LP0227,0,Graduate,Yes,8799441,3681497,300,900,5636395,4493020,435363,1535357,Approved
LP0228,1,Graduate,No,9279795,3278899,360,554,1799953,4930520,378475,681855,Approved
LP0229,3,Not Graduate,Yes,3247353,2851939,360,840,5727063,776000,952267,1983475,Approved
LP0230,0,Graduate,Yes,14620735,3841149,120,711,3510516,1862731,2565412,704306,Approved
LP0231,3,Not Graduate,No,14677019,1673990,120,840,5200954,3401279,425219,404861,Approved
LP0232,1,Graduate,No,12153046,3827786,240,773,1248518,2792833,2089744,1228870,Approved
LP0233,2,Not Graduate,No,5116163,3688281,120,666,7477409,2977822,1233685,1695496,Approved
LP0234,2,Graduate,No,13939961,1794168,300,592,3656489,3525772,646906,391932,Approved
LP0235,3,Not Graduate,No,3715158,1611549,120,707,2571956,4115318,2082586,1368082,Approved
LP0236,3,Graduate,Yes,3503554,3468848,360,834,1780679,3221518,1815804,225880,Approved
LP0237,3,Not Graduate,Yes,14160861,2536271,360,699,5371341,1922564,1796905,555470,Approved
LP0238,2,Not Graduate,No,4448380,1030723,180,687,4646328,2814935,1966231,828626,Rejected
LP0239,2,Not Graduate,Yes,14094685,4659092,360,589,6172992,2140377,2120410,424337,Approved
LP0240,0,Not Graduate,No,12405098,3686747,240,705,4692857,3307970,2006135,1910176,Approved
LP0241,1,Not Graduate,No,12120205,2184864,300,883,3635560,1990129,1870337,869280,Approved
LP0242,3,Graduate,No,8309161,2851328,300,699,4061972,1455360,2564960,619011,Approved
LP0243,0,Not Graduate,Yes,9356053,2943863,120,899,7869981,3932128,2294229,491879,Approved
LP0244,2,Graduate,No,13050530,1793047,300,874,7619255,3662428,510232,1141761,Approved
LP0245,3,Not Graduate,No,11120853,808408,240,856,6885734,1212880,658728,1812613,Approved
LP0246,2,Graduate,Yes,11449268,3852236,240,677,7679270,4110922,644363,222120,Approved
LP0247,1,Graduate,No,8276684,3781071,300,682,7478876,4698211,832270,923449,Approved
LP0248,0,Not Graduate,No,3440404,1473660,180,797,3921992,3116325,1638925,1154901,Approved
LP0249,3,Not Graduate,No,3637842,4175602,300,655,3675206,1063499,1459398,293707,Approved
LP0250,2,Graduate,Yes,14423352,2546090,360,561,2463419,1843315,1588271,1374088,Rejected
LP0251,1,Not Graduate,Yes,5127053,4125006,300,786,1244882,2155277,2085654,1441940,Approved
LP0252,3,Graduate,Yes,5452490,2834925,120,769,5843145,1353558,2451875,592083,Approved
LP0253,2,Graduate,No,3911847,2700779,300,737,5426794,3129024,2703877,1015035,Approved
LP0254,3,Graduate,No,7905327,4340812,360,862,2447265,2995148,2777334,1437672,Approved
LP0255,1,Not Graduate,Yes,6002586,3061713,120,593,2535488,3631518,792900,1271277,Rejected
LP0256,1,Not Graduate,No,5116429,4582485,360,764,6816936,1953198,2527472,549942,Approved
LP0257,2,Graduate,Yes,7277776,4283270,360,800,1449723,3511838,240195,1216298,Approved
LP0258,1,Not Graduate,No,8864135,4624895,300,619,6957105,4223298,2249754,550755,Approved
LP0259,0,Graduate,No,2548532,2805633,180,839,5509787,2921542,905519,1837330,Approved
LP0260,3,Graduate,Yes,6494430,3577459,360,784,7900560,849054,2051225,1345785,Approved
LP0261,3,Graduate,Yes,6994727,770368,300,661,3204653,3424075,564833,1120796,Approved
LP0262,1,Not Graduate,No,4784709,1667987,180,671,7824383,2235961,448964,1395532,Rejected
LP0263,2,Graduate,No,13812062,2954797,240,822,5804454,2742636,2357612,1624593,Approved
LP0264,1,Not Graduate,Yes,6652716,1564415,180,598,3094444,1726778,1550971,1937452,Approved
LP0265,3,Not Graduate,Yes,11687592,2754162,300,896,4147173,4291581,516738,1528813,Approved
LP0266,3,Not Graduate,No,9628527,4594013,240,597,5881796,520745,590664,1732875,Rejected
LP0267,2,Graduate,No,5654579,4104107,180,875,5149969,2752650,1554194,1937162,Approved
LP0268,2,Graduate,No,7766993,906086,120,695,1835293,4355251,268288,460544,Approved
LP0269,3,Graduate,No,5394336,1606567,240,775,2333599,2798641,591496,1572770,Approved
LP0270,2,Graduate,No,13148607,1888525,120,734,4324754,3062797,1182070,1100162,Approved
LP0271,0,Graduate,Yes,5580613,4499744,120,885,2113166,2397426,2378707,1626027,Approved
LP0272,0,Graduate,No,4023227,4042626,180,777,5007240,1094150,1160272,1003355,Approved
LP0273,0,Graduate,No,8166661,3010335,180,595,4210496,1616911,2890965,1620059,Approved
LP0274,0,Graduate,No,7891952,2287238,180,585,4453672,4210984,1111190,381797,Approved
LP0275,0,Not Graduate,No,9203947,3138247,180,621,3078582,2823373,2903734,376682,Approved
LP0276,2,Graduate,No,5446807,4843194,360,833,5274185,2082481,1843122,819796,Approved
LP0277,0,Graduate,No,8474085,1445762,180,880,5190802,1095691,2415794,225306,Approved
LP0278,2,Graduate,No,11535840,4030459,240,734,5583168,1949302,2175578,1815576,Approved
LP0279,0,Graduate,Yes,6398739,2309782,120,587,1507249,3838456,2324878,800808,Rejected
LP0280,3,Graduate,Yes,6655136,1201263,240,766,1662880,4789134,1052272,1894624,Approved
LP0281,2,Not Graduate,Yes,7203780,4169898,180,629,1485750,2550844,561602,1111178,Approved
LP0282,0,Not Graduate,Yes,4003921,606241,180,782,6884605,595215,887163,1241053,Approved
LP0283,2,Graduate,No,4129542,2754559,120,727,7471226,746258,1605138,1892627,Approved
LP0284,2,Graduate,No,13950800,1146510,300,769,4818475,4784748,1710469,316264,Approved
LP0285,1,Not Graduate,Yes,6280137,1363228,360,805,6654932,1467488,1157997,1753528,Approved
LP0286,0,Graduate,Yes,6102892,885721,300,810,4053256,3712664,829500,575308,Approved
LP0287,3,Graduate,No,6165165,3991813,240,568,3275476,1153364,2597195,981835,Approved
LP0288,0,Graduate,Yes,10653253,885276,300,807,1578196,4401492,1384080,1822204,Approved
LP0289,2,Graduate,No,2133700,3594719,180,709,3446076,3049376,2811866,708735,Approved
LP0290,2,Not Graduate,Yes,14288695,2556273,180,787,1053501,3939632,300286,688631,Approved
LP0291,2,Graduate,No,2024528,3656422,240,827,1871987,2221295,2422203,699473,Approved
LP0292,3,Graduate,Yes,13939547,2847344,120,764,1368262,2441732,2380028,1066242,Approved
LP0293,3,Graduate,Yes,10479670,1619995,300,740,1627723,1022466,2024450,1589245,Approved
LP0294,1,Not Graduate,No,7284972,3796325,240,616,3668061,4298008,1340665,689918,Approved
LP0295,1,Graduate,Yes,3772642,1878877,300,653,4909553,3134302,1905037,453203,Rejected
LP0296,3,Not Graduate,No,6446095,1505907,120,656,2322173,3051940,2730434,284577,Approved
LP0297,1,Graduate,Yes,7968373,3823939,360,717,1410627,3006857,1291218,1919852,Approved
LP0298,0,Not Graduate,No,11327356,2595915,120,639,4875899,1354860,786334,454705,Approved
LP0299,1,Graduate,Yes,8720647,3622573,120,581,5884886,2671144,514519,245718,Approved
LP0300,3,Graduate,Yes,7562484,1527836,120,651,4867105,924779,904597,1403522,Rejected
LP0301,3,Graduate,No,13462410,4079117,180,752,3969091,2301169,984968,776678,Approved
LP0302,3,Graduate,Yes,12302998,2561792,240,693,5185006,3956041,2509755,1204600,Approved
LP0303,2,Not Graduate,Yes,9033593,2173173,360,594,3090002,663829,1804313,1839796,Rejected
LP0304,3,Not Graduate,No,8515956,2768578,180,795,1218632,3174938,2704487,659318,Approved
LP0305,2,Graduate,No,10882399,3498364,360,565,2952550,1839029,619993,719793,Approved
LP0306,0,Graduate,No,7952633,1957202,180,686,2984334,3167613,1704845,1440596,Approved
LP0307,1,Graduate,No,11095341,3092525,180,730,5114078,818462,578566,317792,Approved
LP0308,1,Graduate,No,2011467,3282786,360,669,2690005,1594625,1629247,1703527,Approved
LP0309,0,Graduate,Yes,11841668,1688268,120,715,5414881,3560917,504219,983476,Approved
LP0310,3,Graduate,No,7062779,3206191,180,889,2321238,4164717,2881275,1221732,Approved
LP0311,2,Graduate,No,5745298,1970956,300,882,3573819,2970589,734137,572681,Approved
LP0312,3,Graduate,Yes,12106404,3169396,360,550,2853003,1373339,2281150,494950,Rejected
LP0313,1,Not Graduate,No,4816683,1244287,240,589,4746603,595593,1312381,639739,Approved
LP0314,2,Not Graduate,Yes,14086534,510747,120,584,4237475,4176056,1960153,548836,Rejected
LP0315,3,Not Graduate,No,3701688,4522247,360,802,6460728,2392325,882230,1146418,Approved
LP0316,0,Not Graduate,Yes,7347182,2690497,120,587,1622438,3367295,913472,987392,Approved
LP0317,0,Not Graduate,No,13819626,759989,300,588,6483089,1884096,2747274,1110584,Approved
LP0318,0,Not Graduate,Yes,5187406,3933288,360,577,7056894,2725202,2970748,790396,Rejected
LP0319,0,Graduate,No,11592705,4618372,180,671,1457219,3526852,216003,1096754,Approved
LP0320,3,Graduate,Yes,2431773,2236047,180,700,6353531,2947891,543664,1193149,Approved
LP0321,2,Not Graduate,No,10205682,2723018,120,609,6384365,3750813,975448,978086,Rejected
LP0322,1,Not Graduate,Yes,6417373,4188810,300,739,3209566,2397857,1326430,1383310,Approved
LP0323,1,Graduate,Yes,13209548,3383931,360,581,4472771,2408515,2521974,327892,Rejected
LP0324,3,Not Graduate,Yes,9990355,3006953,120,817,4311859,791323,2305966,1397935,Approved
LP0325,1,Graduate,No,4900427,1902279,180,814,7781860,2116703,729262,289497,Approved
LP0326,0,Not Graduate,Yes,12523109,1740492,360,766,3163307,3182253,481068,382509,Approved
LP0327,3,Not Graduate,No,10718920,4343300,120,748,7598064,4883567,1959904,435969,Approved
LP0328,1,Graduate,Yes,3772258,1347169,240,762,5493219,3384583,1923397,753934,Approved
LP0329,3,Not Graduate,Yes,4889032,2810341,300,746,2206723,3869870,362665,1030037,Approved
LP0330,1,Graduate,No,6506097,3624259,120,719,3834226,3042209,1504215,787929,Approved
LP0331,0,Graduate,Yes,7041225,4217081,240,801,3260058,3996143,2737466,1553826,Approved
LP0332,1,Not Graduate,Yes,8831185,4563947,360,595,4136586,971488,2361197,1859875,Approved
LP0333,2,Not Graduate,Yes,10796063,742834,180,583,2617016,2183818,441707,723219,Approved
LP0334,0,Not Graduate,Yes,6596579,3589959,300,783,5237307,3829793,2865101,459780,Approved
LP0335,0,Graduate,No,10200480,4242186,180,898,4981084,3433998,1643884,542912,Approved
LP0336,0,Not Graduate,Yes,8485495,916503,180,682,5800448,2297834,1128413,1557654,Approved
LP0337,1,Not Graduate,No,10611430,668211,120,896,4977015,1609931,2915273,563228,Approved
LP0338,0,Graduate,No,12206316,3062381,240,857,4555149,3658104,1662592,1162588,Approved
LP0339,1,Not Graduate,No,13361466,4867427,360,679,4331556,1358256,230817,1272722,Rejected
LP0340,2,Not Graduate,Yes,10082229,1035504,240,837,3319309,3227447,1361339,747664,Approved
LP0341,2,Graduate,Yes,10678746,2515799,120,885,7756435,3889823,2970464,870219,Approved
LP0342,1,Graduate,No,6959422,2676225,300,898,4394021,3757086,348138,1422689,Approved
LP0343,1,Not Graduate,Yes,13514507,4984844,300,842,6636041,3507291,2327832,829554,Approved
LP0344,1,Not Graduate,Yes,9898392,1573273,240,637,7083306,2035688,1607744,1572448,Approved
LP0345,2,Graduate,No,9054359,3279289,240,663,3185729,2966679,2145153,1985124,Approved
LP0346,0,Graduate,No,5263903,4698308,120,790,6710106,3701673,2422303,825697,Approved
LP0347,0,Graduate,Yes,5360419,3374523,300,761,5776503,4338387,800725,863504,Approved
LP0348,0,Not Graduate,No,12586973,1983309,240,642,6322563,986653,219769,1148024,Rejected
LP0349,1,Graduate,No,14810564,1238544,180,657,6154629,4138235,2857039,1100537,Rejected
LP0350,3,Not Graduate,Yes,2632925,4977693,180,769,7129212,3629801,259043,875729,Approved
LP0351,1,Graduate,Yes,12514061,2587279,180,821,6817707,3388615,1509009,470387,Approved
LP0352,3,Not Graduate,Yes,3095334,883513,240,602,3439640,4324587,2382247,1450678,Rejected
LP0353,1,Not Graduate,No,8027229,2080632,180,772,7811619,3883894,280214,679027,Approved
LP0354,1,Graduate,Yes,11893404,4733173,180,664,2033157,3575191,2928564,1861211,Approved
LP0355,2,Graduate,Yes,13106012,1406921,120,742,1404624,1471315,1948083,1131794,Approved
LP0356,0,Not Graduate,No,13775394,1784523,180,744,6831693,578052,1462973,1082631,Approved
LP0357,0,Not Graduate,Yes,9026730,1380084,360,888,7029448,1487629,1385758,439101,Approved
LP0358,3,Graduate,Yes,6412305,4888467,180,604,4002465,3937284,1438792,536327,Approved
LP0359,3,Graduate,No,7546608,2467172,120,830,1106949,1246609,663180,1951608,Approved
LP0360,3,Graduate,Yes,10584991,1129550,120,843,3146578,2439113,2115753,820803,Approved
LP0361,3,Graduate,Yes,4931009,830884,240,685,4021699,3123177,1986753,1748831,Approved
LP0362,0,Graduate,Yes,13129250,1930360,240,598,3999157,4171815,2808047,762685,Approved
LP0363,2,Graduate,Yes,8723930,3857542,300,740,3280301,3735616,2205904,1877509,Approved
LP0364,1,Graduate,Yes,13679792,991961,180,765,1870008,3989893,2677786,1212242,Approved
LP0365,3,Graduate,No,8016291,741728,180,841,5052365,4594670,673694,1062525,Approved
LP0366,0,Graduate,No,12988633,3136018,120,775,6910346,4902491,2618641,1717863,Approved
LP0367,1,Not Graduate,Yes,9261982,2585214,300,839,3900356,3728579,823501,1959579,Approved
LP0368,0,Graduate,Yes,10482016,4436680,300,835,2387508,1128015,2262121,872417,Approved
LP0369,2,Not Graduate,Yes,10504862,2368197,360,673,6396536,3676242,1891466,1913589,Approved
LP0370,3,Not Graduate,No,3476728,4681353,300,590,3651316,1495785,2286135,1762879,Approved
LP0371,3,Not Graduate,Yes,11347107,501423,120,602,7641959,3055152,2332123,1379296,Approved
LP0372,3,Not Graduate,No,2910586,2369972,300,885,3784788,4468932,2956359,961883,Approved
LP0373,0,Graduate,Yes,2036858,3363511,240,781,7961570,2949335,2497180,1294682,Approved
LP0374,0,Graduate,Yes,10261472,1678173,300,741,1897258,2633133,2762098,610877,Approved
LP0375,0,Not Graduate,Yes,9667959,2098690,240,646,1904004,3976829,395036,1528001,Approved
LP0376,3,Graduate,No,2072773,4949018,120,780,5640798,4130676,2654174,1212781,Approved
LP0377,1,Graduate,Yes,3737347,3749793,360,810,6084845,3199821,2314391,1006696,Approved
LP0378,1,Not Graduate,No,7752216,2967706,300,764,7751125,1618804,779568,1065589,Approved
LP0379,2,Not Graduate,Yes,5370359,2259197,360,858,6992691,2937557,1648266,1610069,Approved
LP0380,1,Not Graduate,Yes,14763686,3454784,360,617,5029634,4002058,2439350,799634,Rejected
LP0381,0,Graduate,No,4438177,945141,120,556,2676903,2739576,875011,801076,Rejected
LP0382,0,Not Graduate,Yes,14643208,771005,240,624,7828546,4296637,629832,1492073,Approved
LP0383,3,Graduate,No,13625538,894095,300,881,4251044,3994410,1511365,1357889,Approved
LP0384,0,Not Graduate,Yes,12411297,4216688,180,577,6316603,3584836,2667866,1346335,Approved
LP0385,2,Not Graduate,Yes,13453115,1124691,180,649,2457899,4810459,700606,991042,Approved
LP0386,2,Not Graduate,Yes,4699938,2639230,120,769,3772961,4411870,849302,283761,Approved
LP0387,2,Graduate,No,10230079,3503839,120,628,7576932,3166394,2403666,661293,Approved
LP0388,0,Graduate,No,11111373,3884107,120,816,3931004,2355543,1094870,1591113,Approved
LP0389,2,Not Graduate,No,5664903,4950147,300,719,5708816,573850,681178,1602865,Approved
LP0390,3,Graduate,Yes,2669029,3192214,300,727,7679064,1451050,1818480,738109,Approved
LP0391,2,Graduate,No,10628674,4767583,300,826,5083613,867854,1443334,1566353,Approved
LP0392,2,Graduate,Yes,4808418,4972854,120,648,6259095,1049217,1084081,1605794,Approved
LP0393,3,Graduate,Yes,11022018,4151038,120,900,7265374,1789786,299627,1163065,Approved
LP0394,0,Graduate,Yes,2910467,1993106,240,719,5681549,1090911,2611566,1923060,Approved
LP0395,2,Not Graduate,No,9568632,3892755,300,666,3654191,641691,1833689,1612009,Approved
LP0396,0,Graduate,Yes,13758849,1108924,240,823,5218102,1390329,1415662,1850231,Approved
LP0397,0,Not Graduate,No,8399057,3814450,120,704,4976096,1811336,2437525,661091,Approved
LP0398,3,Not Graduate,Yes,7000558,3630045,120,619,5643297,1685929,716885,287604,Approved
LP0399,3,Graduate,No,5524102,3384436,180,843,4461596,4799603,797500,537545,Approved
LP0400,1,Not Graduate,Yes,3923047,2021341,360,644,1456242,4369372,2903960,1352730,Approved
LP0401,0,Not Graduate,Yes,5312117,4586849,240,698,3995893,1575546,2949252,691851,Approved
LP0402,0,Graduate,No,10151398,4280292,240,695,6170255,3064191,2650186,519595,Rejected
LP0403,3,Graduate,Yes,7254872,2565066,180,711,6974359,4158473,1360479,1961838,Approved
LP0404,1,Not Graduate,No,9765307,4235933,240,734,7499216,3062483,2242506,1356939,Approved
LP0405,1,Graduate,No,4348838,2147790,240,605,7153418,1141412,516250,239070,Approved
LP0406,3,Graduate,Yes,11254211,2686208,360,847,5527139,4460294,2942689,1825706,Approved
LP0407,2,Not Graduate,Yes,14954440,2941077,180,626,4898195,4703725,2340823,389905,Rejected
LP0408,0,Graduate,Yes,14703809,4812891,180,736,4743168,1835654,951389,1387737,Approved
LP0409,1,Not Graduate,No,2678132,2335587,300,839,2944059,1027317,1308794,974761,Approved
LP0410,0,Graduate,No,8511121,4439912,300,669,1389545,834744,2920109,879626,Approved
LP0411,2,Not Graduate,Yes,8319298,3675243,240,816,5929807,1152948,2367041,727614,Approved
LP0412,1,Not Graduate,No,7788681,4584090,300,742,6068489,555345,2304856,491437,Approved
LP0413,1,Graduate,Yes,10632570,2855600,180,775,2260307,2067878,860004,959636,Approved
LP0414,0,Graduate,No,7540252,1450753,300,858,6664234,4516588,2209160,641878,Approved
LP0415,1,Not Graduate,Yes,6088109,861920,180,852,5810753,1851649,765073,1520241,Approved
LP0416,0,Graduate,Yes,4790745,2666438,180,812,5333896,3901214,2713887,1381964,Approved
LP0417,0,Not Graduate,Yes,5633834,4268190,360,876,4954502,4540527,915408,660039,Approved
LP0418,1,Graduate,No,4813903,3374534,300,760,6004084,1077496,1163908,993166,Approved
LP0419,1,Graduate,Yes,5394845,4884820,360,747,6740893,4021495,827305,1469848,Approved
LP0420,1,Not Graduate,Yes,10915915,4722231,120,599,1781734,4545330,2965693,473319,Approved
LP0421,3,Not Graduate,No,2728773,4944423,300,897,2925070,4544344,1799021,935089,Approved
LP0422,0,Not Graduate,Yes,6270103,4502550,180,851,1703112,2876213,2709419,1340286,Approved
LP0423,2,Graduate,Yes,13897543,559677,360,759,5383388,1488417,2380039,215087,Approved
LP0424,1,Not Graduate,No,8077878,1394084,180,742,4574147,2627625,1295983,1993016,Approved
LP0425,3,Not Graduate,No,13418668,3834087,180,824,4466409,4547232,949604,976392,Approved
LP0426,3,Not Graduate,No,11691378,3388670,300,836,7172190,1658202,2965232,449740,Approved
LP0427,3,Graduate,Yes,5598010,4764294,300,667,7594126,3339022,2509284,1487704,Approved
LP0428,3,Graduate,Yes,4438206,4456643,360,632,4652210,1239377,468772,751743,Approved
LP0429,0,Graduate,No,8721705,4870511,240,739,6969382,982034,935140,1542788,Approved
LP0430,3,Graduate,Yes,13020688,4846584,240,803,2633652,781935,2714547,1270696,Approved
LP0431,1,Graduate,Yes,8035435,2507030,120,814,2320742,1228490,1357363,1835092,Approved
LP0432,2,Not Graduate,No,11832793,2180325,360,754,1128903,1075602,578183,1352579,Approved
LP0433,2,Not Graduate,No,5796608,2131795,300,695,4388632,539019,1295164,567074,Rejected
LP0434,0,Graduate,No,7703681,1481542,360,809,3161688,2598338,2057106,990794,Approved
LP0435,3,Graduate,No,9698199,4364803,360,838,1229434,4543058,687664,740687,Approved
LP0436,3,Graduate,Yes,7297082,3959679,240,584,5332751,4993373,240782,1669723,Rejected
LP0437,2,Graduate,No,13302775,3368844,120,677,5651915,1997246,2198818,858238,Rejected
LP0438,2,Graduate,Yes,10371819,2174924,180,661,7169226,2530517,1313190,633646,Approved
LP0439,1,Not Graduate,Yes,3789949,1505613,120,653,6669122,4632772,2774576,213890,Approved
LP0440,2,Not Graduate,No,11638835,2804627,300,796,2534040,4787699,1375523,1034413,Approved
LP0441,1,Graduate,No,10024879,773155,360,663,3913270,3802736,933165,1158809,Approved
LP0442,3,Not Graduate,Yes,2198306,2267919,300,815,5873850,1345134,1564978,958335,Approved
LP0443,2,Graduate,No,5978534,2759960,300,863,6142921,3378101,1734797,585694,Approved
LP0444,3,Graduate,No,13756007,3623159,240,805,4360414,2845702,2090494,577255,Approved
LP0445,1,Graduate,Yes,14093276,2764497,180,842,5658529,4125713,1797540,611174,Approved
LP0446,1,Not Graduate,Yes,4962978,4035971,300,624,2128030,4836968,2439685,1711124,Rejected
LP0447,2,Not Graduate,Yes,8684074,1330260,180,799,1503621,2307470,1266568,1199375,Approved
LP0448,0,Not Graduate,No,6358202,3527968,240,872,5700556,2661868,1643428,241597,Approved
LP0449,0,Not Graduate,Yes,11678000,1964137,240,760,3978870,3227054,2340959,1222348,Approved
LP0450,0,Not Graduate,No,9780468,1715075,180,778,6373579,3330218,1969226,1523876,Approved
LP0451,3,Graduate,Yes,4717900,3382539,180,863,3629678,3158167,2938935,811018,Approved
LP0452,3,Not Graduate,No,8092894,4869925,300,686,4472791,1903566,971274,1991412,Approved
LP0453,1,Not Graduate,Yes,5532803,1900146,300,614,1864104,1301562,467564,1192342,Approved
LP0454,3,Graduate,Yes,6403218,1802535,120,563,6493134,3770267,1497594,680994,Approved
LP0455,3,Graduate,Yes,10837269,1931163,120,695,1294901,3493401,1563993,1198568,Rejected
LP0456,2,Not Graduate,Yes,13704169,1985090,360,826,6012899,4329763,2846805,1770581,Approved
LP0457,3,Not Graduate,No,10080774,2405291,120,875,4706592,3082585,1734206,1064454,Approved
LP0458,1,Not Graduate,Yes,2001549,4889894,180,683,3884715,2905536,2167958,1322183,Approved
LP0459,3,Not Graduate,Yes,14849153,4110753,240,801,6008030,2439575,230274,1349684,Approved
LP0460,1,Not Graduate,No,8622840,2596280,180,741,6997334,3769235,1786948,662615,Approved
LP0461,0,Not Graduate,Yes,10667278,2780569,240,684,6439651,4962271,1327521,1065922,Approved
LP0462,1,Graduate,No,3851472,4319694,360,585,4798086,2782826,2812018,1231790,Approved
LP0463,0,Graduate,Yes,10975319,685647,180,714,1857932,2866548,1329086,462226,Approved
LP0464,0,Graduate,Yes,4528052,623520,300,774,2821905,3368172,1962627,853423,Approved
LP0465,2,Not Graduate,Yes,7540652,1172960,180,805,1470083,2735594,1845936,349704,Approved
LP0466,3,Graduate,Yes,6195637,3700903,120,828,2023087,2588447,1813959,1817376,Approved
LP0467,1,Graduate,Yes,9731522,1288196,360,776,6586879,2248581,2183174,1016049,Approved
LP0468,2,Not Graduate,Yes,12555624,853881,360,898,5369846,1524597,1262470,1209211,Approved
LP0469,2,Graduate,No,2873883,2326940,120,876,2979424,4142011,1561108,231599,Approved
LP0470,2,Graduate,No,6078362,574909,120,635,5874427,4486859,2700695,525041,Rejected
LP0471,1,Graduate,No,3533463,3338890,120,595,1501430,3482298,2903543,522790,Approved
LP0472,3,Graduate,No,11367565,3413512,300,614,7150433,2118710,289560,1645461,Rejected
LP0473,1,Not Graduate,Yes,10142018,4170016,360,733,3472245,4611189,995977,1388459,Approved
LP0474,2,Not Graduate,No,6619177,1845058,120,645,5455503,1800447,2084853,820070,Rejected
LP0475,2,Not Graduate,Yes,12704301,4744281,300,827,7154367,2056374,278516,1499677,Approved
LP0476,1,Not Graduate,Yes,13044263,3750508,180,736,5396215,4673744,2513023,523237,Approved
LP0477,2,Not Graduate,No,12752583,3201333,120,863,1807456,4888924,2963589,339837,Approved
LP0478,1,Graduate,Yes,5390323,1398043,300,572,2607396,1328405,333450,1397499,Rejected
LP0479,3,Not Graduate,Yes,8146400,2351556,360,886,7021721,1094533,254887,637755,Approved
LP0480,3,Graduate,No,12719243,1009190,240,885,5681010,3989268,1747986,1865662,Approved
LP0481,2,Graduate,Yes,7098672,1153769,180,579,5357758,1314695,624568,1720795,Approved
LP0482,3,Graduate,Yes,10828037,2586775,360,822,6245606,2000704,2542197,1771174,Approved
LP0483,3,Graduate,No,13316107,4348027,300,835,1873274,1899297,956637,1353361,Approved
LP0484,2,Graduate,No,7911017,3143711,360,755,3723396,3618209,1929493,1802610,Approved
LP0485,3,Not Graduate,Yes,11448000,2294559,300,874,7423226,2631454,1709985,1148758,Approved
LP0486,3,Graduate,Yes,6772818,636754,360,779,2133181,3032031,227551,829845,Approved
LP0487,1,Not Graduate,Yes,14944009,2814896,360,663,5288856,1797841,595468,279138,Rejected
LP0488,1,Graduate,No,8158628,2595951,180,732,3149529,3019119,585478,1396398,Approved
LP0489,1,Graduate,No,10095563,1950411,300,754,7926517,1299971,2696580,1546905,Approved
LP0490,0,Not Graduate,Yes,2938227,3305063,240,703,7854681,4143209,1947018,452791,Approved
LP0491,0,Not Graduate,Yes,7113416,4898846,120,666,3678621,1754768,1570831,1253612,Approved
LP0492,0,Not Graduate,No,14630562,4733976,120,628,2862989,4123339,1415438,1849133,Rejected
LP0493,1,Not Graduate,Yes,9983516,913651,360,625,4348659,2702495,556847,1035771,Rejected
LP0494,1,Not Graduate,Yes,10184951,3816174,360,616,2645000,4897709,1232829,708171,Approved
LP0495,3,Not Graduate,Yes,3887937,3969377,300,686,4064087,3421818,998971,872637,Rejected
LP0496,0,Not Graduate,Yes,7867267,4209527,360,854,2223214,4194875,388230,1915830,Approved
LP0497,1,Not Graduate,Yes,14712663,1219863,120,669,7204060,957498,1219418,1502336,Approved
LP0498,0,Not Graduate,Yes,7119031,4275390,300,697,1190825,3283983,1076649,1751919,Approved
LP0499,2,Not Graduate,Yes,13661358,654254,300,654,5890599,4919111,382376,735730,Approved
LP0500,2,Graduate,No,2890622,4400374,120,580,1558662,3760191,2969804,768979,Rejected
